<?xml version="1.0" encoding="UTF-8"?>
<beans xmlns="http://www.springframework.org/schema/beans"
	xmlns:xsi="http://www.w3.org/2001/XMLSchema-instance"
	xmlns:tx="http://www.springframework.org/schema/tx"
	xmlns:p="http://www.springframework.org/schema/p"
	xmlns:c="http://www.springframework.org/schema/c"
	xmlns:aop="http://www.springframework.org/schema/aop"
	xsi:schemaLocation="http://www.springframework.org/schema/beans https://www.springframework.org/schema/beans/spring-beans.xsd
		http://www.springframework.org/schema/aop http://www.springframework.org/schema/aop/spring-aop-4.3.xsd
		http://www.springframework.org/schema/tx http://www.springframework.org/schema/tx/spring-tx-4.3.xsd">

	<!-- Root Context: defines shared resources visible to all other web components -->
	<bean id="dataSourceJDBC" class="org.springframework.jdbc.datasource.SimpleDriverDataSource"  
		    p:driverClass="net.sf.log4jdbc.sql.jdbcapi.DriverSpy"
		    p:url="jdbc:log4jdbc:oracle:thin:@localhost:1521:xe"
		    p:username="project"
		    p:password="1111"
		/> 

	<!-- Addtional Trasactional Usage : @Transactional ~~ -->
	<tx:annotation-driven
		transaction-manager="transactionManager" />

	<!-- AOP ready -->
	<aop:aspectj-autoproxy />

	<!-- HikariCP & log4jdbc -->
	<!-- https://github.com/brettwooldridge/HikariCP/wiki/HikariCP-Articles -->
	<!-- https://examples.javacodegeeks.com/enterprise-java/hikaricp/hikaricp-connection-pooling-example/ -->

	<bean id="dataSourceHiKariConfig"
		class="com.zaxxer.hikari.HikariConfig">
		<property name="driverClassName"
			value="net.sf.log4jdbc.sql.jdbcapi.DriverSpy" />
		<property name="jdbcUrl"
			value="jdbc:log4jdbc:oracle:thin:@localhost:1521:xe" />
		<property name="username" value="project" />
		<property name="password" value="1111" />
	</bean>

	<bean id="dataSource" class="com.zaxxer.hikari.HikariDataSource">
		<constructor-arg ref="dataSourceHiKariConfig" />
	</bean>	
	
	<bean id="transactionManager"
		class="org.springframework.jdbc.datasource.DataSourceTransactionManager">
		<property name="dataSource" ref="dataSource" />
	</bean>
	
	<bean id="transactionTemplate" 
		  class="org.springframework.transaction.support.TransactionTemplate"
		  p:transactionManager-ref="transactionManager" />

	<bean id="sqlSessionFactory"
		class="org.mybatis.spring.SqlSessionFactoryBean">
		<property name="dataSource" ref="dataSource" />
		<property name="typeAliasesPackage"
			value="com.javateam.dummyProject.domain" />
		<property name="mapperLocations"
			value="classpath*:/com/javateam/dummyProject/mapper/*.xml" />
		<property name="configuration">
			<bean class="org.apache.ibatis.session.Configuration">
				<property name="mapUnderscoreToCamelCase" value="true" />
			</bean>
		</property>		
	</bean>

	<bean id="sqlSession"
		class="org.mybatis.spring.SqlSessionTemplate"
		destroy-method="clearCache">
		<constructor-arg name="sqlSessionFactory"
			ref="sqlSessionFactory" />
	</bean>
	
	
	<!-- //////////////////////////////////////////////////////////////// -->
	
	<!-- Root Context: defines shared resources visible to all other web components -->
	<!-- FileUpload : 파일 관리자 id (multipartResolver)는 가급적 그대로 사용할 것! -->
	<bean id="multipartResolver"
		   class="org.springframework.web.multipart.commons.CommonsMultipartResolver">
		<property name="maxUploadSize" value="52428800" />
		<!-- 파일 크기 제한 : 50MB = 50 * 1024 * 1024 -->
  	</bean>			  
	
	<!-- File repository : 파일 저장소
		  업로드 이미지는 image 파일 폴더에 저장되고 썸네일은 thumbnail 폴더에 저장됨. -->
	<!-- 참고로 썸네일 저장소도 별도로  폴더(D:/lsh/upload/thumbnail)를 작성해야 합니다. -->
	<bean id="uploadDirResource" 
		  class="org.springframework.core.io.FileSystemResource">
	    <constructor-arg>
	      <value>C:/joeunmall-teamproject2/joeunmall-test/upload</value>
	    </constructor-arg>
	</bean>

</beans>